id,tag
d9e7d54278a745a2bc476796e85c1315,formal
d4d780fa701d41f3ab7c804a0319c7f8,shirts
cbf9343591b94b1fa7f3e82e8181974c,knitwear
8cc6d1d158094d4aa18cbee8e4e6a2a9,outerwear
cdedd2f12dfb4d31b4bcad0912acbe5e,kids
dfeae8c3d74048afb93148548975f8ca,sweaters
9152010b683c48cab47bde45d922d076,underwear
6306dd97e2af4c4dad7c08b763c12e21,accessories
7fc3cd7be85b42ddae5fadbf2575e7ad,plates
9b7ea07cad544099bc99fe103283329f,knits
9127c37168554517880993376d88cb38,fashion
7b7fc4c2cc974eae90f9dadf7e7b0318,cutlery
24eaf196e17f4972b735e6a4f3e12175,women
2fafc6acb0c146f0918247192fc5c7b4,paintings
2b3cc30c9d3040c8a750fe68766d07e3,casual
d44c8601e2204cfb85f53b7e5d42e310,scandinavian
c60239a9d99f4f619627b523487bab51,home
9f0808041e224a5db45d990342f5c4a4,posters
16826835784d4d7a9c6600ad1e033adc,trousers
de84d369284d414bbe8f916e8b00dba5,lights
291dd2dbb73a48baa914c5dd84ea3db1,tops
958e57b738e54098aeafcbbf171b6746,livingroom
f93983376bde4275872a7a2d13069b90,cool
91bf373871884250a06ccb4dbb4e94da,clothes
cedb1a6eb0df497e891b209fbea4cf9e,kitchenware
b2ab4fe6bef140279474c3d018e26443,men
